id,first_name,last_name,email,gender,age,country,city,phone_number,job_title,department,salary,hire_date,is_active,performance_score
1,Megan,Chang,greenwilliam@yahoo.com,Female,44,Uruguay,Tammystad,001-382-421-9489,Data processing manager,monetize,33643.59,2021-03-05,False,2.62
2,Thomas,Garcia,cheryl38@yahoo.com,Female,48,Kenya,Bryanside,1609753513,Tax inspector,enhance,62224.44,2024-10-18,True,3.02
3,Seth,Miller,jrodriguez@yahoo.com,Female,26,Romania,New Marvinside,989.471.9659,Financial controller,envisioneer,98022.38,2018-09-26,False,4.95
4,Antonio,Zavala,rjones@gmail.com,Non-Binary,63,Turkey,North Megan,001-868-483-3969x477,Marketing executive,evolve,102919.55,2017-07-09,True,2.24
5,Tom,Mccoy,allennelson@robinson.com,Non-Binary,22,Bolivia,Port Heidi,9891013991,"Nurse, adult",evolve,110895.45,2016-03-06,False,2.89
6,Catherine,Lee,mendozajessica@giles.net,Male,40,Jamaica,Port Jordanbury,456-208-7091,"Nurse, adult",aggregate,69075.47,2023-07-23,True,4.87
7,Mary,Sellers,tammybrown@moore.com,Female,46,Nauru,Wadetown,698.456.4280x7150,Sport and exercise psychologist,empower,107877.89,2023-10-03,False,1.25
8,Michael,Roberts,jenniferhughes@yahoo.com,Non-Binary,18,Switzerland,North Brookemouth,(337)696-0696,Armed forces training and education officer,leverage,38394.47,2019-12-20,False,3.84
9,Jacqueline,Griffin,hensontroy@yahoo.com,Non-Binary,58,Taiwan,Williamschester,812.066.5030,"Accountant, chartered",transition,30102.85,2017-07-31,False,4.31
10,Charlene,Gonzalez,haley21@yahoo.com,Female,33,Timor-Leste,Burtontown,714-285-1240x003,Futures trader,engage,95725.07,2025-03-19,True,1.76
11,Renee,Williams,xbowman@hotmail.com,Non-Binary,32,Christmas Island,South Brenda,2245551590,Architectural technologist,empower,51475.43,2025-06-26,True,4.21
12,Keith,Foster,danny30@white-mills.com,Female,23,Gabon,Houstonport,(118)775-5171x76045,"Designer, furniture",redefine,37240.12,2025-02-28,False,4.5
13,Nicholas,Villegas,mortonjames@brown.com,Female,24,India,Shanefort,001-361-534-9263,Mechanical engineer,embrace,57130.21,2024-07-03,False,3.83
14,Shannon,Rhodes,nsanders@williams.com,Non-Binary,39,Bosnia and Herzegovina,South Nicholas,+1-219-729-6687,IT trainer,e-enable,103302.02,2018-12-30,True,4.86
15,Amy,Velazquez,janice55@warren.org,Non-Binary,,Slovenia,Port Nicholas,711-801-3204x0752,Database administrator,cultivate,82885.54,2024-02-24,False,1.37
16,Patrick,Moreno,gregorylinda@mooney.com,Female,38,French Guiana,Petersenfort,(993)002-4894x5174,Immunologist,revolutionize,81808.59,2022-02-01,False,1.74
17,Bryan,Davidson,justingreer@mcmahon.biz,Male,20,Cambodia,Wuland,+1-256-097-6701x72009,Waste management officer,enable,85149.59,2024-11-25,False,2.91
18,Deborah,Lee,ibarrachelsea@yahoo.com,Male,61,New Zealand,Debraport,(641)830-6753,"Programmer, applications",seize,98184.35,2016-03-28,True,4.69
19,Todd,Santana,claytonweiss@chan.com,Male,62,Yemen,East Ronaldshire,(116)116-2076x60754,Careers information officer,seize,113077.42,2021-09-02,False,4.35
20,Heather,Reed,greerjerry@jones-barry.com,Non-Binary,,Afghanistan,Lake Emily,045-093-2271,Publishing rights manager,seize,76961.11,2016-01-13,True,4.4
21,Tammy,Cox,kenneth85@gmail.com,Non-Binary,55,Namibia,North Amandaport,(622)358-3324,Microbiologist,deploy,104273.7,2015-11-28,False,3.32
22,Phillip,Park,aevans@house.com,Female,49,Belize,South Cynthia,+1-806-606-5735x4712,Clinical embryologist,empower,89422.08,2018-03-06,False,1.33
23,Laura,Griffin,katrinareynolds@gmail.com,Non-Binary,25,Korea,Sharonberg,(717)340-7970x341,Illustrator,incubate,73779.98,2023-07-31,False,4.38
24,Christopher,Jimenez,bramirez@nelson.com,Male,19,Afghanistan,Raymondshire,001-671-454-3910x144,"Social research officer, government",facilitate,95834.03,2019-10-18,True,3.82
25,Pamela,Gill,scallahan@taylor.com,Female,28,Isle of Man,Figueroaview,759-221-1669x7284,Manufacturing systems engineer,whiteboard,59928.25,2019-04-08,True,1.4
26,Thomas,Neal,dpearson@yahoo.com,Male,62,French Southern Territories,Lake Tyler,+1-305-760-8116x050,Commercial art gallery manager,re-intermediate,49689.62,2020-07-14,True,1.11
27,Jessica,Perez,danielmurray@yahoo.com,Non-Binary,30,Hungary,West Robert,+1-627-285-2327x56676,English as a second language teacher,generate,84570.46,2019-01-13,True,2.56
28,Brenda,Williams,youngchristopher@gmail.com,Female,25,,Lake Danielleburgh,949.184.5670,"Scientist, clinical (histocompatibility and immunogenetics)",repurpose,33275.28,2023-04-17,True,1.78
29,Tracy,Padilla,joseph00@bailey.com,Male,63,,Port Ronaldbury,+1-683-735-9191x558,"Programmer, applications",productize,41150.56,2016-01-19,True,3.91
30,Alejandra,Lee,mollyreed@king.com,Male,61,Georgia,Scottstad,001-304-810-7770x677,Printmaker,embrace,32050.43,2019-08-30,False,3.48
31,Corey,Cannon,scottjones@yahoo.com,Female,22,Moldova,Williamsburgh,732.455.6184,Travel agency manager,incubate,49874.63,2023-01-28,False,2.4
32,Willie,Murray,jesse19@hotmail.com,Male,21,Bolivia,Lake Robert,408.860.1641,Systems analyst,seize,75327.29,2024-11-09,True,3.39
33,Donna,Walker,holmesemily@brooks.com,Non-Binary,43,Mozambique,East Lisa,+1-855-902-6228,Camera operator,enable,47942.02,2025-03-31,False,4.62
34,Katrina,Costa,lisawolf@franklin-anderson.info,Female,54,United Arab Emirates,New Maryhaven,+1-577-403-8277x851,Futures trader,enable,45248.21,2020-12-10,True,4.87
35,Kristen,Cruz,benjaminbarber@cooper.com,Male,61,Eritrea,Emilyport,5980250700,Financial controller,integrate,44238.78,2021-02-11,True,2.37
36,Carl,Brown,patriciarobinson@yahoo.com,Female,25,Cambodia,Larrymouth,001-660-648-8709x1662,"Accountant, chartered certified",deliver,83711.23,2024-04-20,False,3.66
37,Mary,Lyons,john23@frye.net,Male,48,Chile,South Saraville,+1-729-904-5600x715,"Horticulturist, commercial",repurpose,91315.26,2019-07-30,False,3.6
38,William,Martin,joseph76@gmail.com,Female,60,Georgia,Andreaton,001-898-407-6165x70040,Forest/woodland manager,innovate,52583.94,2019-01-30,True,2.83
39,Kathryn,Black,jason95@gmail.com,Male,39,Myanmar,Franciscoberg,090-925-5445x76962,Accommodation manager,generate,96511.45,2016-04-19,False,1.54
40,Scott,Peterson,qbrowning@osborne.net,Female,40,Vietnam,Ramirezburgh,212.918.8966x44406,Health visitor,morph,84912.21,2018-10-16,False,3.36
41,Janice,Reynolds,bradyeric@miles.info,Non-Binary,57,Zambia,New Ritabury,5823570393,Haematologist,reinvent,41910.99,2025-04-23,False,2.55
42,Shane,Manning,rubiofrank@gmail.com,Female,59,Vanuatu,Waltersview,659-514-0704x366,Press photographer,revolutionize,37265.08,2025-06-21,True,3.79
43,Steven,Gallegos,mark06@mccall-taylor.com,Male,33,Monaco,Michaelland,187.050.5624,Optometrist,repurpose,50078.8,2018-01-25,False,2.51
44,Richard,Torres,davidanderson@thornton-moran.com,Non-Binary,54,Saint Lucia,Port Angelafurt,(591)182-4345,Forensic scientist,generate,108708.39,2023-04-29,True,2.61
45,Yolanda,Moore,benjaminrichards@hotmail.com,Non-Binary,54,Malawi,Port Leslieland,793.782.5278,Barista,incubate,67640.39,2021-05-26,True,1.66
46,Aaron,Hampton,klawson@rogers-gray.com,Male,34,Tajikistan,East Logantown,(205)930-6046,Associate Professor,expedite,93136.46,2016-11-16,False,3.11
47,Ricky,Alexander,anna76@gmail.com,Female,53,Antarctica (the territory South of 60 deg S),Langborough,(151)105-0269x0578,Research scientist (life sciences),syndicate,84357.96,2024-09-02,True,4.54
48,Michelle,Gibbs,wongcody@gmail.com,Female,38,Grenada,Stephaniefort,2840065282,"Designer, multimedia",reinvent,58085.24,2019-09-08,False,1.2
49,Sherry,Villa,webbpamela@hotmail.com,Female,30,Indonesia,East Johnport,235-326-7592x69029,"Accountant, chartered public finance",innovate,79370.59,2018-02-03,True,4.35
50,Andrew,Holloway,williamssara@carr.biz,Male,18,Solomon Islands,South Samuelmouth,001-325-838-6126x951,Plant breeder/geneticist,productize,66163.51,2023-07-29,False,2.26
51,Patrick,Hendricks,lsanders@houston.net,Male,18,Holy See (Vatican City State),New Cherylfort,409.561.8026,Aid worker,revolutionize,94559.17,2022-12-04,True,4.92
52,Sandra,Reeves,genewells@gmail.com,Non-Binary,51,Namibia,Kathleenville,(525)780-3429x546,Architectural technologist,envisioneer,85085.58,2022-07-18,True,1.48
53,Joseph,Luna,davidaustin@gmail.com,Non-Binary,30,Antarctica (the territory South of 60 deg S),Raymouth,168-822-2323,Air traffic controller,mesh,108628.84,2021-08-19,False,3.75
54,Rachel,Hanson,gabrielle64@gmail.com,Male,24,Guam,Amandaberg,(843)656-7846x6122,"Accountant, chartered public finance",benchmark,72804.49,2019-01-17,False,3.51
55,Caitlin,Morrison,haley92@miller-johnson.com,Male,35,Uganda,Lisafort,175-947-3288x18202,"Scientist, forensic",deploy,112249.3,2022-06-13,True,4.45
56,Joseph,Matthews,nicolecunningham@yahoo.com,Male,59,Vanuatu,Lake Briannamouth,870.791.4878,"Nurse, mental health",syndicate,76877.9,2019-06-20,False,1.46
57,Amber,Moore,ejones@long-benton.net,Male,35,Bermuda,Timothyville,251-202-9830x0689,Recycling officer,unleash,106611.58,2025-01-28,True,1.16
58,Michael,Deleon,allentyler@hill-smith.com,Non-Binary,34,Yemen,Christopherport,001-635-623-4375,Heritage manager,synergize,80252.02,2022-05-20,False,4.75
59,Michael,Melton,crystal56@howard-morales.com,Male,65,Tonga,South Rebeccaville,253.257.3166x787,Systems developer,e-enable,116508.26,2022-05-09,False,3.85
60,Wayne,Tucker,davislogan@gmail.com,Female,58,Swaziland,Joyceshire,001-061-435-2125x03006,Social researcher,implement,69189.66,2018-12-13,True,1.83
61,Christopher,Owens,ljones@perez.biz,Non-Binary,36,Lebanon,South Jasonton,+1-409-555-7298x141,"Civil engineer, contracting",empower,30800.74,2017-11-14,True,2.09
62,Nicholas,Berry,robertmason@hotmail.com,Female,41,Botswana,Martinezmouth,278.526.4619x8537,Fish farm manager,seize,94664.95,2015-12-19,False,4.12
63,Sergio,Barron,pwalker@yahoo.com,Male,20,Lesotho,Thomasmouth,579-281-3481x0250,"Lecturer, higher education",cultivate,54265.99,2022-03-14,True,4.93
64,Erica,Jenkins,petercobb@barron-fleming.net,Female,41,Comoros,Isaacside,001-996-297-9397x037,Trade mark attorney,e-enable,65531.28,2018-11-25,True,2.17
65,Aaron,Brown,nsawyer@guerrero.net,Female,64,Jamaica,Nicolemouth,325.857.6757x1231,"Designer, furniture",re-contextualize,51573.55,2024-10-03,True,2.23
66,Jason,Richardson,sullivanchristopher@richards-russo.biz,Non-Binary,64,Mauritania,Lake Adam,+1-287-468-8119x70369,Media buyer,monetize,36377.66,2019-08-17,False,4.34
67,Christina,Glenn,stevenrodriguez@yahoo.com,Female,44,Fiji,South Patrick,539.410.2599x71876,IT consultant,synergize,39778.63,2022-12-12,False,2.9
68,Catherine,Walls,nicolewilson@wright-soto.com,Female,25,Hungary,West Kellyborough,001-880-588-0270x4525,Child psychotherapist,re-intermediate,73117.79,2019-11-02,False,2.71
69,Ashley,Meyer,yjohnson@reed.com,Female,39,Christmas Island,South James,001-752-458-3375x248,Academic librarian,evolve,96127.59,2021-01-21,True,4.68
70,Austin,Carr,jacksonjoshua@gmail.com,Non-Binary,54,Malawi,Michelleland,(886)119-7524x36400,Actuary,whiteboard,63801.42,2020-11-19,True,1.26
71,Logan,Kelley,loganjohn@hotmail.com,Male,30,Malaysia,West Carla,(649)345-8771x6528,Arts development officer,enhance,97488.26,2016-01-30,True,2.54
72,John,Parker,susansmith@fox-martinez.com,Male,43,Luxembourg,Josephchester,028.533.2342x2848,Aid worker,reinvent,80082.71,2018-03-24,False,2.79
73,John,Castro,alexandriaschroeder@harmon.com,Female,55,Bahamas,Jacksonhaven,(368)871-2180x1036,"Production designer, theatre/television/film",innovate,94296.57,2021-06-07,True,2.69
74,Dorothy,Scott,brendayang@gill.net,Female,32,Sudan,Lake Seanmouth,001-298-409-2555x484,Contracting civil engineer,utilize,118961.32,2022-04-24,False,3.34
75,Matthew,Turner,zcardenas@gentry.biz,Male,45,Indonesia,Dominguezhaven,933-634-8282x9888,Publishing copy,redefine,47275.05,2022-12-07,True,1.26
76,Kevin,Escobar,tammyellis@smith.com,Non-Binary,19,Togo,Tiffanytown,292.594.0009,Diplomatic Services operational officer,e-enable,111270.96,2022-03-31,False,4.01
77,Madeline,Rodgers,perkinskimberly@hotmail.com,Male,25,Anguilla,North Brittney,536-352-2729x986,Theatre director,whiteboard,74737.87,2016-06-24,False,1.83
78,Ryan,Munoz,barnesmartin@howe.com,Male,31,Burundi,Tiffanyview,795.417.2184x8697,"Pharmacist, community",repurpose,86107.36,2022-09-09,True,1.79
79,Katie,Parks,robersonjulie@phillips-daniel.biz,Female,41,Estonia,Kristenstad,810.090.2166x70521,"Nurse, children's",visualize,79175.21,2019-02-13,True,1.42
80,Robert,Gillespie,georgereginald@simon.net,Non-Binary,49,Azerbaijan,Johnsberg,+1-239-219-7444,"Engineer, mining",strategize,43356.18,2016-06-08,False,3.55
81,Alexandra,Osborne,eric28@mays.com,Female,51,Albania,Marymouth,001-115-347-5778,Secretary/administrator,evolve,74586.53,2023-01-09,False,4.33
82,Patrick,Powell,ostone@gmail.com,Female,58,Norway,Poolehaven,212-206-9118x49457,Operational investment banker,benchmark,90306.13,2023-07-02,True,3.17
83,William,Hall,xharrington@sparks-smith.org,Male,18,Belarus,Rodriguezchester,001-938-088-1095x05254,"Radiographer, diagnostic",syndicate,60619.83,2019-07-30,False,4.27
84,Destiny,Woods,sandrajuarez@yahoo.com,Male,51,Mali,Port Paul,973-079-9297x5956,Tax inspector,revolutionize,43353.02,2022-11-13,False,3.41
85,Peter,Richardson,jasonestes@hotmail.com,Male,42,Myanmar,Sheribury,+1-592-532-4828x917,Quantity surveyor,architect,82465.34,2021-08-25,False,1.27
86,Catherine,Mckinney,sconway@hill-harris.biz,Male,51,Germany,North Jamesborough,+1-287-148-4765x601,Barrister's clerk,facilitate,108200.58,2025-01-24,True,1.27
87,Samuel,Kelley,rbrooks@gmail.com,Male,20,Saint Kitts and Nevis,Port Courtneyhaven,9859193001,Insurance underwriter,evolve,57040.35,2025-05-09,False,2.32
88,Sheri,Nielsen,kenneth29@taylor.com,Male,27,Lithuania,Dustinview,126.239.0587,Computer games developer,engineer,108182.6,2020-04-23,False,4.87
89,Latoya,Doyle,madisonyang@smith.com,Non-Binary,42,Macao,Stefanieburgh,573.431.5745x894,Engineering geologist,envisioneer,111098.14,2018-07-16,True,3.3
90,Nicholas,Finley,jenniferhardin@thomas-green.net,Non-Binary,51,Congo,Lake Casey,568.056.6828x920,Industrial/product designer,re-intermediate,98206.17,2025-05-07,True,3.99
91,Vanessa,Clark,gfritz@morales.com,Male,36,Antigua and Barbuda,East John,+1-661-838-3371x318,"Conservator, furniture",expedite,78187.47,2025-05-16,False,4.3
92,April,Oliver,emily79@gmail.com,Female,42,Guernsey,Tinaborough,001-037-383-0237x719,Health and safety adviser,e-enable,84668.69,2021-02-26,True,4.41
93,Joann,Giles,mendezmargaret@yahoo.com,Male,60,New Caledonia,East Michellechester,074.285.2185,IT consultant,innovate,109672.95,2018-10-26,True,2.21
94,James,Phillips,jfoster@yahoo.com,Non-Binary,34,Belarus,Crystalberg,397.529.2964x31227,Software engineer,brand,59941.72,2020-08-23,False,4.44
95,Karen,Berry,garciajohn@gmail.com,Female,44,Antarctica (the territory South of 60 deg S),South Lorraineshire,862-319-8273x032,Tourist information centre manager,innovate,64574.38,2018-03-09,False,1.25
96,Melanie,Cochran,garciacody@mcdonald.com,Non-Binary,26,Russian Federation,East Mariamouth,5546604331,"Therapist, drama",drive,51505.65,2024-06-15,False,1.22
97,Jason,Flores,robert88@page.org,Male,48,Palau,Bradshawport,743-441-5270,Nature conservation officer,visualize,67607.94,2020-05-31,False,4.56
98,William,Ingram,ethansmith@gmail.com,Non-Binary,63,Taiwan,Zimmermanborough,748.629.7420x3541,Airline pilot,brand,37345.77,2018-11-01,True,4.24
99,Mark,Chan,wrightkathleen@alexander-mcdaniel.com,Female,44,Japan,Ortizshire,187-210-8673,"Nurse, learning disability",whiteboard,33166.18,2016-07-13,False,2.55
100,Emma,Phillips,joshua18@byrd.com,Male,24,Guadeloupe,Shaunborough,597.482.7601,"Accountant, chartered management",transform,72380.03,2020-11-15,True,1.08
101,Amy,Mason,garciachristina@hotmail.com,Non-Binary,57,Bahamas,Port Daniel,(722)742-7908,Multimedia specialist,utilize,41943.18,2020-10-30,False,1.42
102,Christopher,Mack,jennifer37@wheeler.biz,Non-Binary,59,Northern Mariana Islands,New Robertbury,585-774-5422x3750,Microbiologist,syndicate,61200.12,2019-10-07,False,4.13
103,Andrew,Garcia,lisabean@rivera.info,Female,25,Somalia,Richardsonborough,001-317-218-8694,"Engineer, maintenance (IT)",evolve,109314.9,2024-10-27,False,3.46
104,Thomas,Manning,christinadecker@cole-palmer.com,Female,59,Bahrain,North Michaelchester,(347)680-6472x6669,Tourist information centre manager,monetize,41189.14,2021-11-06,False,4.15
105,Kevin,Meyers,benjamin77@jones-perez.com,Male,42,Djibouti,Johnsonmouth,(271)129-0320,"Scientist, product/process development",redefine,101940.71,2022-11-25,True,3.08
106,Harry,Sanders,mooreeric@gmail.com,Male,20,Panama,South Lisaport,001-446-094-5710x4374,Sports therapist,re-contextualize,100390.27,2016-09-18,False,2.49
107,Rodney,Williams,adrian40@johnson.com,Male,47,Tunisia,South Debra,001-208-211-1913,Chiropodist,re-contextualize,62089.84,2016-12-03,True,4.83
108,Darin,Robbins,ambertaylor@yahoo.com,Male,49,Saint Lucia,Dixonland,+1-808-316-5858x9864,Financial controller,maximize,52984.77,2022-06-14,True,4.78
109,Melissa,Levy,william00@gmail.com,Non-Binary,54,Cambodia,Joyborough,+1-221-772-4420x2553,Chief of Staff,deliver,81461.71,2019-11-01,True,1.92
110,Manuel,Walters,lauren14@grant-johnson.com,Non-Binary,50,Djibouti,Johnsonchester,+1-424-041-5604,Ergonomist,visualize,92865.22,2021-11-03,False,3.03
111,Sara,Carson,tylersavage@watkins.com,Male,27,Eritrea,North Laurenburgh,263-983-0837x87995,Logistics and distribution manager,disintermediate,68337.32,2022-09-07,False,4.69
112,Michael,Castillo,aduran@melton.biz,Male,44,Saudi Arabia,Martinchester,(734)129-0421x2426,Furniture conservator/restorer,mesh,35663.05,2024-09-19,False,4.1
113,Jessica,Henry,catherine44@mitchell.net,Non-Binary,19,Yemen,South Joseph,+1-600-681-4007x6858,Public house manager,mesh,101220.86,2023-08-21,False,3.75
114,Belinda,Drake,jason61@davis.info,Male,49,Nigeria,South Leslie,274.758.3058x468,"Therapist, nutritional",transform,112735.41,2024-02-18,False,3.89
115,Donald,Brown,bradleyburns@gmail.com,Male,40,Montenegro,East Courtneyshire,(941)452-7505,"Civil engineer, contracting",matrix,36329.65,2017-06-06,False,3.77
116,Kirk,Parker,kayleesandoval@yahoo.com,Female,40,Iraq,Chenland,(476)762-6363x41275,Medical laboratory scientific officer,envisioneer,46011.69,2019-09-29,True,4.28
117,Francis,Daugherty,tylerdavis@hotmail.com,Male,56,Netherlands Antilles,Danielburgh,524-511-6554,"Lecturer, further education",iterate,110409.16,2020-09-14,True,1.01
118,Danielle,Jackson,fbenjamin@mills.com,Non-Binary,61,Honduras,South Stevenberg,001-201-216-9141x991,"Engineer, water",iterate,95889.13,2018-06-27,True,3.99
119,Amanda,Park,deborahpowell@gmail.com,Female,41,United States Virgin Islands,Port Jennifer,857.158.6470,Counselling psychologist,seize,92051.98,2019-05-29,True,4.44
120,Sarah,Brown,wgarcia@gmail.com,Male,47,British Indian Ocean Territory (Chagos Archipelago),Dennisbury,+1-857-597-8440x992,Glass blower/designer,aggregate,40115.19,2023-01-15,False,3.83
121,Gordon,Williams,ystewart@yahoo.com,Female,26,Denmark,Victoriaberg,072.018.0210x54310,Event organiser,drive,32514.26,2022-01-26,True,2.45
122,Valerie,Lynn,uclark@gmail.com,Female,36,Nauru,New Adrian,062.319.2544x758,Patent attorney,synthesize,56671.2,2024-05-05,False,1.74
123,Molly,Wallace,zlambert@yahoo.com,Male,24,Vanuatu,East Marymouth,001-466-227-3293x14882,Theatre manager,iterate,77990.51,2023-10-23,False,1.63
124,David,Giles,darrenmcmillan@hotmail.com,Male,26,Argentina,Port Julieville,001-229-355-1167,Comptroller,facilitate,102395.13,2019-05-14,False,3.03
125,Kathryn,Hudson,taylormary@gmail.com,Male,29,San Marino,Lake David,001-445-275-8116x003,Lobbyist,brand,56195.36,2022-10-31,False,3.65
126,Bridget,Murphy,yphillips@hotmail.com,Male,56,Bahamas,Martinland,+1-470-922-8957,Broadcast journalist,generate,31849.47,2023-07-11,True,3.81
127,Justin,Sullivan,ishepherd@rivera-lawson.info,Male,44,South Georgia and the South Sandwich Islands,Smithmouth,(604)292-1687,Social researcher,visualize,56944.8,2021-05-03,False,3.96
128,David,Fitzpatrick,lisadavis@gmail.com,Male,55,Cook Islands,Fritzborough,6545947804,Product designer,brand,67996.99,2015-10-24,False,1.34
129,Aimee,Carlson,jason95@yahoo.com,Female,58,Spain,East Jessica,315-624-4926x012,Newspaper journalist,deploy,63233.04,2025-03-31,True,2.51
130,John,Jones,tgalloway@hotmail.com,Male,44,South Africa,Port Gavinburgh,001-999-074-3807x10093,Dramatherapist,synthesize,116576.09,2020-07-04,False,2.77
131,Bailey,Braun,nathangardner@stephenson.com,Female,36,Palau,Patriciabury,001-409-651-5451,Hydrologist,maximize,115710.68,2016-03-18,True,4.8
132,Jennifer,Hood,reynoldslori@hotmail.com,Male,35,Lao People's Democratic Republic,Lisaburgh,001-978-100-1266x923,Sports therapist,transform,40094.29,2022-04-09,True,4.18
133,Richard,Campbell,santiagocrystal@hotmail.com,Female,43,Cook Islands,Caitlinton,(780)357-2933x03145,Landscape architect,drive,46684.26,2018-08-18,False,2.73
134,Barbara,Perry,hsalinas@villegas.biz,Male,47,Solomon Islands,South Kathleen,(879)509-8338,Office manager,synthesize,60634.91,2016-11-21,True,2.42
135,Amber,Hernandez,anthony12@richmond.com,Non-Binary,58,Mauritius,Scottstad,(083)794-6039,Geographical information systems officer,aggregate,37784.95,2017-05-06,True,2.18
136,Heather,Adams,brian41@yahoo.com,Non-Binary,46,Finland,West Jesse,361.842.5608,Armed forces logistics/support/administrative officer,incubate,85686.2,2017-06-03,True,1.87
137,Jonathan,Fletcher,roachdaniel@yahoo.com,Male,58,Peru,Harryville,427-438-9317x3564,Land,re-contextualize,57104.31,2023-06-12,True,2.7
138,Lisa,Bell,pecksteven@flores-lynch.info,Female,23,Cambodia,Brandonland,921.163.4169x480,Systems developer,streamline,91036.09,2024-06-20,True,3.17
139,Micheal,Eaton,deniserodriguez@nichols.com,Female,35,Guinea-Bissau,Dixonchester,001-299-252-0521x85931,"Surveyor, planning and development",re-contextualize,86885.9,2023-09-07,True,1.48
140,Alexandra,Wolfe,matthew91@gmail.com,Non-Binary,20,Armenia,Greenmouth,954.172.0174,"Lecturer, higher education",morph,30022.79,2021-05-25,False,3.1
141,Jessica,Little,tiffany63@gmail.com,Non-Binary,63,India,Richardtown,+1-150-621-2084,"Engineer, chemical",engineer,65661.15,2025-03-05,True,3.99
142,Christopher,Walker,dawn40@gmail.com,Female,36,Kuwait,Cynthiafurt,270.202.9015,Audiological scientist,repurpose,108416.82,2024-01-02,True,3.38
143,Jonathan,Knight,tricia79@hotmail.com,Male,22,Sweden,East Davidborough,121.098.1996,Professor Emeritus,visualize,101301.28,2015-10-19,False,3.13
144,Jill,Farmer,davidevans@yahoo.com,Male,51,Peru,Larsonton,993.648.4159x484,Production manager,grow,107350.79,2020-11-06,True,1.27
145,Marcus,Jones,julia15@hotmail.com,Female,36,Bosnia and Herzegovina,New Emily,0047180734,"Scientist, biomedical",monetize,76785.07,2022-05-22,True,3.13
146,Carrie,Velez,alexis99@hotmail.com,Female,58,Singapore,Danielland,(674)549-3287,"Psychologist, prison and probation services",morph,78921.58,2016-12-20,False,2.17
147,Sarah,Osborn,michael55@reyes.com,Female,54,Finland,Williamshaven,549-515-0792x5944,Recycling officer,implement,86592.98,2019-09-16,True,1.49
148,Michael,Hall,ywallace@hancock.com,Male,42,Kuwait,Jasonburgh,168.041.2004x689,Higher education careers adviser,exploit,66109.49,2023-10-02,False,1.56
149,Breanna,Baker,singhjohn@zimmerman.com,Non-Binary,37,Mali,Lake Joanne,+1-308-523-9787,Police officer,reinvent,61865.21,2018-06-26,False,3.97
150,Benjamin,Mckay,connie36@gmail.com,Male,48,Bahamas,East Wendymouth,001-200-829-2122,Sports development officer,reinvent,73997.23,2015-11-17,False,2.97
151,Mike,Cooper,briannasmith@peterson-downs.com,Male,46,Haiti,South Jacobshire,238-292-8159x989,Chief Operating Officer,re-intermediate,57016.66,2019-11-27,False,1.21
152,Taylor,Griffin,uward@gmail.com,Non-Binary,31,Eritrea,West Seth,554-526-3329,Psychiatric nurse,expedite,32299.21,2025-07-16,False,2.56
153,Jacqueline,Cannon,anthonyortiz@hotmail.com,Male,51,Sudan,Port Brettfurt,936-093-6977x9666,"Biochemist, clinical",monetize,118101.59,2021-01-03,True,3.75
154,David,Dean,iperez@smith-conway.com,Non-Binary,60,Lesotho,Williambury,907-243-5049x6303,Transport planner,synergize,65560.39,2025-05-18,False,1.16
155,Laurie,Gonzalez,qcunningham@castillo.info,Non-Binary,18,New Caledonia,North Julie,(654)247-4693x7327,"Programmer, applications",integrate,119971.66,2024-07-08,False,3.91
156,Kelly,Shields,joseph23@anderson-reed.org,Male,27,Namibia,North Daniel,944-204-9516x459,"Surveyor, mining",mesh,97645.25,2024-12-29,False,1.76
157,Sharon,Lamb,jessica97@wu-matthews.com,Female,47,British Indian Ocean Territory (Chagos Archipelago),Hendersonland,001-485-200-2650,Microbiologist,exploit,94471.12,2022-05-07,False,1.67
158,Amber,Durham,williamsonjames@day-powell.com,Female,59,Turkey,North Danaborough,(916)351-1243x23663,"Engineer, electronics",implement,110748.09,2019-03-22,False,1.59
159,Susan,Garcia,wendy83@yahoo.com,Non-Binary,27,Morocco,New Brett,+1-146-101-5519x41349,Bookseller,transform,77174.57,2018-02-04,True,1.84
160,Rebecca,Walker,benjaminhudson@woods-arnold.biz,Male,46,Trinidad and Tobago,East Cindy,524-177-3747,"Engineer, aeronautical",exploit,61425.05,2018-04-11,False,2.71
161,Carrie,Collier,russell62@gmail.com,Female,42,Saint Kitts and Nevis,Rodriguezbury,+1-594-047-3634x950,Media buyer,transition,95680.48,2015-12-28,True,2.76
162,Ashley,Weber,brownstephanie@chavez-schneider.net,Male,55,Hong Kong,South Joshuaton,005-190-8198x03996,Health service manager,transform,93899.73,2017-08-17,False,1.13
163,Michelle,Spencer,qhull@harris-boyd.info,Non-Binary,23,Thailand,Port Jeremyfurt,001-713-312-6764x938,Animator,engage,108390.84,2023-12-13,False,1.23
164,Judith,Lamb,paul77@newton.net,Non-Binary,61,Djibouti,West Michellehaven,543.864.4655,"Engineer, maintenance (IT)",e-enable,45603.65,2020-08-25,False,3.45
165,James,Sanchez,jason73@mills-diaz.com,Non-Binary,50,Mozambique,Gonzalesville,(184)406-6309,"Designer, textile",generate,97634.29,2022-10-19,False,2.65
166,Mason,Simmons,adamsthomas@hotmail.com,Male,58,Namibia,North Austinside,256.284.7314,Data processing manager,re-intermediate,92712.45,2017-11-05,False,3.32
167,Alexander,Love,kevin80@yahoo.com,Female,34,Lao People's Democratic Republic,North Gary,8651507834,Multimedia programmer,streamline,93370.51,2023-11-13,True,2.35
168,Gabriel,Robinson,millscourtney@sweeney.com,Male,20,Falkland Islands (Malvinas),Lake Carla,419-921-7075x46208,"Editor, commissioning",iterate,34729.8,2018-12-09,False,1.02
169,Kevin,Clements,hallashley@fischer.org,Non-Binary,18,Finland,Aliciastad,(178)112-2563,Solicitor,morph,42636.63,2021-07-31,False,3.72
170,Jonathan,Baxter,davidrobert@johnston.biz,Non-Binary,43,Kuwait,Lake Corymouth,+1-262-680-5644x2197,Sports coach,redefine,80199.17,2018-10-07,True,2.81
171,Ann,Flynn,seancummings@ortiz.com,Female,56,Vanuatu,Angelaview,8546203943,Product/process development scientist,envisioneer,39210.5,2022-11-04,True,4.18
172,Samuel,Vazquez,ericarichardson@baxter.biz,Female,52,Macao,Arianaland,306-645-3839x99073,"Engineer, land",empower,71016.99,2023-03-27,False,2.02
173,Jesse,Miller,osanders@thomas.com,Non-Binary,20,Palau,New Jamesfort,(195)175-3990x1573,Insurance claims handler,envisioneer,47111.86,2016-09-18,True,1.84
174,Mia,Morrison,jharris@chandler.com,Non-Binary,40,Albania,Joneschester,+1-521-995-7937x6024,"Horticulturist, amenity",incubate,46900.65,2022-12-21,True,2.01
175,Sarah,Lawrence,ruizjennifer@hotmail.com,Non-Binary,65,Mexico,Sharonland,+1-436-757-2751x4939,Control and instrumentation engineer,repurpose,57118.92,2016-12-08,False,2.02
176,Gregory,Smith,aramirez@hotmail.com,Female,63,Uganda,Bellchester,0036106793,Commercial horticulturist,empower,51596.58,2023-08-17,False,4.74
177,Catherine,Jones,samuelfritz@gmail.com,Male,18,Uganda,East Danielle,+1-007-752-1090,Banker,whiteboard,71483.8,2020-01-20,False,1.19
178,Kristen,Snyder,christopherhardy@boyd.net,Female,49,Philippines,New Zachary,832-251-1466x8482,Clinical psychologist,disintermediate,71446.05,2018-09-23,True,1.34
179,Lisa,Ortiz,sarah95@goodwin.com,Male,24,Angola,Port Margaret,144-701-6344,"Therapist, art",expedite,104363.86,2024-10-26,True,2.66
180,David,Cox,brian64@yahoo.com,Male,46,Fiji,East Tracybury,165.812.2938,Chartered management accountant,envisioneer,85148.1,2021-08-21,False,3.24
181,Jason,Vargas,cwagner@bell.com,Female,20,Guam,Port Pennyville,665-325-6684x33163,"Education officer, museum",aggregate,116302.47,2021-12-26,True,2.96
182,Debra,Bullock,diazfrank@perry-evans.com,Male,35,Gibraltar,Rodgersmouth,+1-272-685-5102x55314,Medical laboratory scientific officer,re-intermediate,114101.48,2023-01-04,False,4.98
183,Monique,Hester,gibsoncameron@harris.org,Male,53,Congo,Nathanport,001-405-905-2616x827,Publishing copy,incubate,110966.31,2021-12-07,True,3.84
184,Andrew,Owens,aliciacraig@garcia-anderson.info,Female,50,Montserrat,Ashleytown,+1-093-292-7273,"Administrator, arts",deliver,84420.29,2023-07-26,False,2.09
185,Nicole,Price,christina81@gmail.com,Male,25,Montserrat,South Toddfort,630-056-7399x083,Tax adviser,revolutionize,85338.45,2018-03-20,True,1.69
186,Kristen,Ferguson,nharrell@barajas.biz,Female,33,Cuba,New Sarahfurt,(687)146-5565,Paramedic,repurpose,49625.82,2019-02-07,True,3.97
187,Sara,Richardson,alexander63@coleman.biz,Non-Binary,45,Ghana,North Jamieport,341-323-9654,"Designer, graphic",incentivize,107318.62,2017-10-17,True,2.54
188,Todd,Howell,megan43@shah.com,Female,25,Gambia,East Kim,(457)762-9734x6670,"Lighting technician, broadcasting/film/video",productize,117403.45,2016-05-23,False,1.92
189,Marcus,Diaz,boltonmarie@hotmail.com,Non-Binary,63,Finland,Cindymouth,+1-715-768-0685x0509,"Psychotherapist, dance movement",deliver,79197.38,2016-07-24,False,1.89
190,Tanya,Robertson,ginawagner@dunn.com,Male,22,Guadeloupe,South Ginaberg,909.996.4749x83423,"Engineer, control and instrumentation",synthesize,76633.8,2020-03-01,False,1.93
191,Lisa,Lopez,bryancruz@gmail.com,Non-Binary,48,Switzerland,Port Patrick,(749)114-3005,Chartered loss adjuster,grow,55814.79,2023-12-08,True,1.55
192,Nicholas,Walker,escobarmark@yahoo.com,Male,53,Heard Island and McDonald Islands,New Tiffanyberg,+1-799-685-4822x121,Furniture designer,integrate,75436.47,2024-02-28,False,3.34
193,Sandy,Chandler,halekrystal@hotmail.com,Male,26,Mozambique,Johnsonborough,+1-606-698-8311,Leisure centre manager,deploy,108915.65,2019-03-17,True,4.9
194,Trevor,Thompson,xkramer@gmail.com,Non-Binary,22,Syrian Arab Republic,West Katherinemouth,(840)172-7482,"Designer, jewellery",benchmark,42202.27,2019-08-29,True,4.13
195,Sarah,Parks,zjohnson@gomez.com,Female,54,Taiwan,Gibbsfort,001-998-199-9740x5871,"Surveyor, mining",drive,99052.85,2021-11-17,True,1.94
196,Bob,Frank,elizabeth25@walker-poole.net,Male,32,Svalbard & Jan Mayen Islands,West Sandrashire,376.995.6673x270,"Engineer, agricultural",integrate,98396.99,2018-04-10,False,3.43
197,Dan,Stone,abbottjacob@martin.com,Male,58,Italy,Williambury,+1-701-138-1181x91024,"Programmer, systems",benchmark,74861.94,2020-07-21,True,3.46
198,Mary,Cunningham,joshua27@murphy.com,Male,51,Dominican Republic,Lake Christine,(760)929-0410x6023,Industrial/product designer,optimize,83651.31,2025-05-15,False,2.82
199,Shannon,Kim,joshuachambers@hotmail.com,Male,32,Guinea,Simmonstown,+1-019-977-3780x43035,Risk manager,empower,79997.02,2021-10-19,True,3.64
200,Heather,Sanchez,andres10@robinson.org,Female,65,Saint Helena,New Peterborough,(777)391-8821,Licensed conveyancer,e-enable,73282.36,2019-12-22,False,3.82
201,Jennifer,Hamilton,deanrodriguez@gmail.com,Male,34,Uzbekistan,West Johnny,1287421139,Risk analyst,incentivize,42369.98,2023-04-05,False,3.81
202,James,Marks,hancockroger@gmail.com,Female,36,Afghanistan,Newmanshire,+1-292-658-8335x397,Arts administrator,revolutionize,64568.31,2023-06-15,True,1.83
203,Bobby,Morris,anthonymckenzie@yahoo.com,Female,64,Serbia,New Kristifurt,982-307-1374x9440,Video editor,seize,97236.49,2017-02-10,True,2.37
204,Alexis,Johnson,hernandezbrian@yahoo.com,Female,60,Georgia,North Lorrainebury,001-905-599-7089,Ranger/warden,drive,95321.82,2016-01-01,True,2.04
205,John,Bell,robertfoster@gmail.com,Non-Binary,28,Ethiopia,Port Kent,+1-064-300-9279x239,Land/geomatics surveyor,monetize,57441.22,2016-11-19,False,3.29
206,William,Robinson,kirkbarbara@hotmail.com,Male,64,Equatorial Guinea,Lake Kurt,446.711.6323x45877,Water engineer,re-contextualize,86739.4,2024-10-11,False,1.09
207,Sean,Peterson,lcollins@collier.com,Non-Binary,21,Vietnam,Lake Heatherbury,+1-658-117-4770,Insurance broker,incubate,32210.82,2023-08-16,True,1.05
208,David,Fernandez,pknight@perez.com,Non-Binary,38,Israel,Douglasfurt,262.305.7715x492,Human resources officer,integrate,35989.06,2020-07-13,True,2.38
209,Jose,Miller,lburgess@gordon-smith.com,Non-Binary,45,Guyana,West Linda,438.064.4641,Barrister,implement,42226.57,2025-02-03,True,2.8
210,Aaron,Cummings,ethantucker@gmail.com,Male,40,Palau,Larsonport,+1-351-332-2487,Information officer,grow,58075.66,2021-05-25,False,3.91
211,Jamie,Murray,kathrynprice@bailey.info,Non-Binary,44,Philippines,Lake Ryan,639.049.8079x069,"Therapist, speech and language",re-contextualize,64440.15,2015-10-26,False,4.56
212,Candice,Orozco,nelsontammy@evans.com,Non-Binary,52,Sao Tome and Principe,Lake Samantha,297.657.8291,Heritage manager,grow,102414.05,2020-09-22,False,4.04
213,Traci,Wright,vvelazquez@gmail.com,Non-Binary,25,Turkey,Trevorville,(244)232-5583,Farm manager,benchmark,66804.04,2018-11-16,False,1.69
214,Amy,Huff,nharrison@payne-park.com,Non-Binary,26,British Indian Ocean Territory (Chagos Archipelago),Moodyview,112-378-2072x87203,"Embryologist, clinical",aggregate,85965.96,2021-07-03,True,1.32
215,Kimberly,Collins,marcus46@gmail.com,Male,29,Portugal,Hullmouth,001-561-102-8953,Agricultural consultant,evolve,52211.48,2020-10-13,True,4.83
216,Ronald,Carter,pbrown@yahoo.com,Male,65,Reunion,Robertmouth,1105920494,Tourist information centre manager,iterate,100891.33,2024-05-03,True,3.87
217,Lauren,Jacobson,dillonwest@montoya-montoya.com,Female,56,Belgium,Juliefurt,546-530-6251x23827,Insurance risk surveyor,benchmark,39329.26,2023-01-24,False,3.84
218,Amber,Santos,lynchcatherine@yahoo.com,Non-Binary,56,Norfolk Island,Paynemouth,+1-300-496-2339,Patent examiner,cultivate,33604.39,2016-05-31,False,4.22
219,Joy,Frost,allendarius@banks.com,Non-Binary,42,Cape Verde,West Richard,(159)156-1850x10440,"Doctor, general practice",transform,32454.05,2020-05-26,True,2.99
220,George,Douglas,claytonperry@lawrence-black.net,Female,36,Puerto Rico,Port Aaron,072-359-0188,Freight forwarder,exploit,90448.09,2021-03-12,False,1.94
221,Ronald,Rojas,oconnoryolanda@hotmail.com,Female,28,French Southern Territories,Franklinfort,001-400-721-0343x183,"Engineer, aeronautical",deliver,96194.97,2020-07-28,False,2.35
222,Linda,Ford,rlewis@gmail.com,Female,43,Romania,West Judith,308-668-5324x1205,Arts administrator,enable,31330.55,2017-06-06,False,3.2
223,Daniel,Williams,nvalencia@johnson-garcia.org,Male,52,Saint Lucia,Port Jesustown,001-744-992-8965,Civil Service fast streamer,leverage,81344.94,2018-01-09,False,4.74
224,Thomas,Smith,jeff44@washington-drake.com,Male,47,Faroe Islands,Mcculloughport,398.616.6315x930,"Restaurant manager, fast food",innovate,65555.87,2022-06-26,True,2.62
225,Michael,Higgins,urodriguez@yahoo.com,Female,21,Jersey,Joshuaview,(922)012-0595x8763,Oncologist,streamline,31861.54,2024-02-15,True,2.02
226,Patrick,Sandoval,mhudson@hotmail.com,Non-Binary,55,Bouvet Island (Bouvetoya),West George,+1-898-642-9146x46907,"Engineer, energy",mesh,93243.81,2015-10-14,False,4.98
227,Karen,Leonard,russellkaren@hotmail.com,Male,51,Hong Kong,Jenniferfurt,500.198.6165,English as a foreign language teacher,facilitate,76463.49,2021-11-04,False,4.91
228,Dylan,Morgan,yolanda44@gmail.com,Female,31,Isle of Man,Walkerville,472.424.0035,"Lecturer, further education",repurpose,40439.59,2016-07-27,False,4.22
229,Joshua,Shepard,mathewrodriguez@mcdonald-fisher.com,Male,55,Wallis and Futuna,North Kim,(641)894-8276,Financial trader,disintermediate,90647.75,2021-02-28,False,1.65
230,Gregg,Robinson,dross@hotmail.com,Male,39,Bhutan,Port Melindabury,(739)540-2057,Higher education lecturer,repurpose,106159.49,2021-02-26,True,3.34
231,Harold,Haley,anthonyramos@gmail.com,Male,54,Uganda,Lambertfort,001-107-634-2977x15684,Research scientist (maths),syndicate,44055.01,2025-03-20,False,2.45
232,Sara,Miller,mckeegwendolyn@jones-garza.com,Non-Binary,36,Uzbekistan,East Kathy,+1-685-252-3762x15271,"Designer, blown glass/stained glass",facilitate,59070.22,2020-08-23,False,3.4
233,Larry,Hill,philipmarquez@adams.org,Male,18,Bouvet Island (Bouvetoya),Mikeside,(441)734-7030x1056,Customer service manager,monetize,100950.61,2017-03-24,True,2.77
234,Melissa,Mcdonald,roywang@yahoo.com,Female,18,Italy,Lanehaven,976-327-4219x2244,Health and safety inspector,transform,115374.75,2015-08-19,False,4.64
235,James,Jones,adamsdenise@yahoo.com,Non-Binary,60,Ukraine,East Jonathanborough,952.000.3107,"Chemist, analytical",monetize,100075.6,2021-08-14,True,1.28
236,Jennifer,Welch,rachelshaw@peters.com,Female,35,Tajikistan,New Kathychester,001-726-988-1292,Interpreter,re-intermediate,115480.92,2022-07-23,True,3.12
237,Paula,Hoover,zroberts@yahoo.com,Male,60,Mozambique,Masonbury,001-710-978-0555x7949,Senior tax professional/tax inspector,optimize,87545.11,2020-08-02,True,4.77
238,Margaret,Oneal,davisashley@turner.com,Non-Binary,52,Madagascar,North Jillbury,629-951-3379,"Chemist, analytical",cultivate,84454.11,2023-06-08,False,2.06
239,Nancy,Ellis,donaldtorres@hotmail.com,Female,18,Papua New Guinea,South Jeffmouth,001-260-808-3895,Airline pilot,revolutionize,68583.33,2024-06-26,False,4.79
240,Daniel,Warner,ewatson@ayers-joseph.com,Non-Binary,51,Rwanda,South Christina,524-465-3336x2643,Dispensing optician,e-enable,79910.39,2021-05-08,False,1.76
241,Rachael,Jacobs,jacob72@bender.com,Female,27,Heard Island and McDonald Islands,Cantubury,227.892.0906x20396,"Engineer, mining",syndicate,106026.75,2024-07-09,True,4.14
242,Amber,Green,timothy07@sawyer.org,Non-Binary,54,Guinea,Murphyton,390-164-3153,"Lecturer, higher education",exploit,64573.01,2022-03-25,False,4.8
243,Amy,Hall,bwashington@gonzalez-gonzalez.com,Non-Binary,44,Netherlands,North Todd,+1-662-001-1791x136,IT sales professional,empower,87299.88,2024-01-29,True,4.6
244,Brenda,Shelton,hopkinsmatthew@yahoo.com,Female,51,Angola,Brianton,(507)952-3289x9247,Psychiatric nurse,enable,118339.59,2018-09-26,True,3.72
245,Isabel,Guerrero,adamsthomas@smith.com,Non-Binary,40,United States Virgin Islands,West Melissashire,7459164565,Mudlogger,seize,86503.36,2024-07-06,False,1.08
246,Regina,Bates,brandonramirez@yahoo.com,Non-Binary,33,Tunisia,New Julie,463.028.4264x9405,Clinical embryologist,maximize,81440.29,2021-05-28,True,2.1
247,Madeline,Mann,jenniferbrennan@gmail.com,Female,22,El Salvador,New Gabrielhaven,001-394-536-5865x5664,Facilities manager,visualize,81582.65,2017-01-04,True,3.98
248,Matthew,Stevens,fgardner@lewis-wilson.com,Female,50,Mayotte,West Williamtown,(571)936-3400,Town planner,transition,110546.33,2025-03-13,True,4.83
249,Nicole,Adams,shepardkaylee@hotmail.com,Male,46,Afghanistan,Allenfort,260-336-1141x5261,"Clinical scientist, histocompatibility and immunogenetics",architect,113120.34,2018-11-05,False,3.54
250,Sierra,Meza,foxdiane@hotmail.com,Female,34,Falkland Islands (Malvinas),New James,397-319-5094,Drilling engineer,productize,69349.49,2024-08-24,False,3.44
